Mushrooms,Current Price,Sale,Unit Price,Store Location,Url
Highline Organic Oyster Mushrooms - 3 Ounce,$3.99,,$1.33/oz,"at Davenport, IA",https://ww2.freshthyme.com/sm/planning/rsid/952/product/highline-organic-oyster-mushrooms-00771163000397
Highline Organic Oyster Mushrooms - 3 Ounce,$3.99,,$1.33/oz,"at West Des Moines, IA",https://ww2.freshthyme.com/sm/planning/rsid/951/product/highline-organic-oyster-mushrooms-00771163000397
That's Tasty Dried Shitake Mushrooms - 0.5 Ounce,$3.99,,$7.98/oz,"at Davenport, IA",https://ww2.freshthyme.com/sm/planning/rsid/952/product/thats-tasty-dried-shitake-mushrooms-00768573703826
That's Tasty Dried Forest Blend Mushrooms - 0.5 Ounce,$3.99,,$7.98/oz,"at Davenport, IA",https://ww2.freshthyme.com/sm/planning/rsid/952/product/thats-tasty-dried-forest-blend-mushrooms-00768573703833
That's Tasty Dried Forest Blend Mushrooms - 0.5 Ounce,$3.99,,$7.98/oz,"at West Des Moines, IA",https://ww2.freshthyme.com/sm/planning/rsid/951/product/thats-tasty-dried-forest-blend-mushrooms-00768573703833
That's Tasty Dried Shitake Mushrooms - 0.5 Ounce,$3.99,,$7.98/oz,"at West Des Moines, IA",https://ww2.freshthyme.com/sm/planning/rsid/951/product/thats-tasty-dried-shitake-mushrooms-00768573703826
That's Tasty Dried Porcini Mushrooms - 0.5 Ounce,$3.99,,$7.98/oz,"at West Des Moines, IA",https://ww2.freshthyme.com/sm/planning/rsid/951/product/thats-tasty-dried-porcini-mushrooms-00768573703802
That's Tasty Dried Portabella Mushrooms - 0.5 Ounce,$3.99,,$7.98/oz,"at West Des Moines, IA",https://ww2.freshthyme.com/sm/planning/rsid/951/product/thats-tasty-dried-portabella-mushrooms-00768573703819
That's Tasty Dried Oyster Mushrooms - 0.5 Ounce,$3.99,,$7.98/oz,"at Davenport, IA",https://ww2.freshthyme.com/sm/planning/rsid/952/product/thats-tasty-dried-oyster-mushrooms-00768573703895
That's Tasty Dried Chanterelle Mushrooms - 0.5 Ounce,$4.99,,$9.98/oz,"at Davenport, IA",https://ww2.freshthyme.com/sm/planning/rsid/952/product/thats-tasty-dried-chanterelle-mushrooms-00768573703789
That's Tasty Dried Portabella Mushrooms - 0.5 Ounce,$3.99,,$7.98/oz,"at Davenport, IA",https://ww2.freshthyme.com/sm/planning/rsid/952/product/thats-tasty-dried-portabella-mushrooms-00768573703819
Michigan Grown Maitake Frondosa Mushrooms - 4 Ounce,$6.99,,$1.75/oz,"at Davenport, IA",https://ww2.freshthyme.com/sm/planning/rsid/952/product/michigan-grown-maitake-frondosa-mushrooms-00062403130043
Michigan Grown Chef's Sampler Mushrooms - 8 Ounce,$9.99,,$1.25/oz,"at Davenport, IA",https://ww2.freshthyme.com/sm/planning/rsid/952/product/michigan-grown-chefs-sampler-mushrooms-00062403120082
That's Tasty Dried Porcini Mushrooms - 0.5 Ounce,$3.99,,$7.98/oz,"at Davenport, IA",https://ww2.freshthyme.com/sm/planning/rsid/952/product/thats-tasty-dried-porcini-mushrooms-00768573703802
That's Tasty Dried Morel Mushrooms - 0.5 Ounce,$11.99,,$23.98/oz,"at Davenport, IA",https://ww2.freshthyme.com/sm/planning/rsid/952/product/thats-tasty-dried-morel-mushrooms-00768573703796
Highline Organic Whole White Mushrooms - 16 Ounce,$3.99,,$0.25/oz,"at Davenport, IA",https://ww2.freshthyme.com/sm/planning/rsid/952/product/highline-organic-whole-white-mushrooms-00771163000458
Highline Organic White Stuffer Mushrooms - 14 Ounce,$3.99,,$0.28/oz,"at Davenport, IA",https://ww2.freshthyme.com/sm/planning/rsid/952/product/highline-organic-white-stuffer-mushrooms-00771163000366
Highline Organic Sliced Bella Mushrooms - 8 Ounce,$2.50,was $2.99,$0.31/oz,"at Davenport, IA",https://ww2.freshthyme.com/sm/planning/rsid/952/product/highline-organic-sliced-bella-mushrooms-00771163000441
That's Tasty Dried Morel Mushrooms - 0.5 Ounce,$11.99,,$23.98/oz,"at West Des Moines, IA",https://ww2.freshthyme.com/sm/planning/rsid/951/product/thats-tasty-dried-morel-mushrooms-00768573703796
Highline Organic Saute Blend Mushrooms - 8 Ounce,$4.99,,$0.62/oz,"at Davenport, IA",https://ww2.freshthyme.com/sm/planning/rsid/952/product/highline-organic-saute-blend-mushrooms-00771163012505
Highline Organic Sliced White Mushrooms - 8 Ounce,$2.69,,$0.34/oz,"at Davenport, IA",https://ww2.freshthyme.com/sm/planning/rsid/952/product/highline-organic-sliced-white-mushrooms-00771163000434
That's Tasty Dried Oyster Mushrooms - 0.5 Ounce,$3.99,,$7.98/oz,"at West Des Moines, IA",https://ww2.freshthyme.com/sm/planning/rsid/951/product/thats-tasty-dried-oyster-mushrooms-00768573703895
That's Tasty Dried Chanterelle Mushrooms - 0.5 Ounce,$4.99,,$9.98/oz,"at West Des Moines, IA",https://ww2.freshthyme.com/sm/planning/rsid/951/product/thats-tasty-dried-chanterelle-mushrooms-00768573703789
Michigan Grown Maitake Frondosa Mushrooms - 4 Ounce,$6.99,,$1.75/oz,"at West Des Moines, IA",https://ww2.freshthyme.com/sm/planning/rsid/951/product/michigan-grown-maitake-frondosa-mushrooms-00062403130043
Michigan Grown Chef's Sampler Mushrooms - 8 Ounce,$9.99,,$1.25/oz,"at West Des Moines, IA",https://ww2.freshthyme.com/sm/planning/rsid/951/product/michigan-grown-chefs-sampler-mushrooms-00062403120082
Highline Organic Whole White Mushrooms - 16 Ounce,$3.99,,$0.25/oz,"at West Des Moines, IA",https://ww2.freshthyme.com/sm/planning/rsid/951/product/highline-organic-whole-white-mushrooms-00771163000458
Highline Organic Mini Bella Mushrooms - 8 Ounce,$2.50,was $2.79,$0.31/oz,"at Davenport, IA",https://ww2.freshthyme.com/sm/planning/rsid/952/product/highline-organic-mini-bella-mushrooms-00771163000311
Highline Organic Mini Bella Mushrooms - 16 Ounce,$4.99,,$0.31/oz,"at Davenport, IA",https://ww2.freshthyme.com/sm/planning/rsid/952/product/highline-organic-mini-bella-mushrooms-00771163000465
Michigan Grown Brown Mushrooms - 4 Ounce,$4.99,,$1.25/oz,"at Davenport, IA",https://ww2.freshthyme.com/sm/planning/rsid/952/product/michigan-grown-brown-mushrooms-00062403104044
Highline Organic White Mushrooms - 8 Ounce,$2.49,,$0.31/oz,"at Davenport, IA",https://ww2.freshthyme.com/sm/planning/rsid/952/product/highline-organic-white-mushrooms-00771163000304
Michigan Grown Alba Mushrooms - 4 Ounce,$4.99,,$1.25/oz,"at Davenport, IA",https://ww2.freshthyme.com/sm/planning/rsid/952/product/michigan-grown-alba-mushrooms-00062403105041
Highline Organic White Stuffer Mushrooms - 14 Ounce,$3.99,,$0.28/oz,"at West Des Moines, IA",https://ww2.freshthyme.com/sm/planning/rsid/951/product/highline-organic-white-stuffer-mushrooms-00771163000366
Highline Organic Sliced White Mushrooms - 8 Ounce,$2.69,,$0.34/oz,"at West Des Moines, IA",https://ww2.freshthyme.com/sm/planning/rsid/951/product/highline-organic-sliced-white-mushrooms-00771163000434
Highline Organic Sliced Bella Mushrooms - 8 Ounce,$2.50,was $2.99,$0.31/oz,"at West Des Moines, IA",https://ww2.freshthyme.com/sm/planning/rsid/951/product/highline-organic-sliced-bella-mushrooms-00771163000441
Highline Organic Saute Blend Mushrooms - 8 Ounce,$4.99,,$0.62/oz,"at West Des Moines, IA",https://ww2.freshthyme.com/sm/planning/rsid/951/product/highline-organic-saute-blend-mushrooms-00771163012505
Highline Organic Shiitake Mushrooms - 4 Ounce,$3.99,,$1.00/oz,"at Davenport, IA",https://ww2.freshthyme.com/sm/planning/rsid/952/product/highline-organic-shiitake-mushrooms-00771163000380
Mycopia Trumpet Royale Mushrooms - 8 Ounce,$7.99,,$1.00/oz,"at Davenport, IA",https://ww2.freshthyme.com/sm/planning/rsid/952/product/mycopia-trumpet-royale-mushrooms-00062403106086
Highline Organic Mini Bella Mushrooms - 16 Ounce,$4.99,,$0.31/oz,"at West Des Moines, IA",https://ww2.freshthyme.com/sm/planning/rsid/951/product/highline-organic-mini-bella-mushrooms-00771163000465
Highline Organic Mini Bella Mushrooms - 8 Ounce,$2.50,was $2.79,$0.31/oz,"at West Des Moines, IA",https://ww2.freshthyme.com/sm/planning/rsid/951/product/highline-organic-mini-bella-mushrooms-00771163000311
Michigan Grown Alba Mushrooms - 4 Ounce,$4.99,,$1.25/oz,"at West Des Moines, IA",https://ww2.freshthyme.com/sm/planning/rsid/951/product/michigan-grown-alba-mushrooms-00062403105041
Michigan Grown Brown Mushrooms - 4 Ounce,$4.99,,$1.25/oz,"at West Des Moines, IA",https://ww2.freshthyme.com/sm/planning/rsid/951/product/michigan-grown-brown-mushrooms-00062403104044
Highline Organic White Mushrooms - 8 Ounce,$2.49,,$0.31/oz,"at West Des Moines, IA",https://ww2.freshthyme.com/sm/planning/rsid/951/product/highline-organic-white-mushrooms-00771163000304
Mycopia Trumpet Royale Mushrooms - 8 Ounce,$7.99,,$1.00/oz,"at West Des Moines, IA",https://ww2.freshthyme.com/sm/planning/rsid/951/product/mycopia-trumpet-royale-mushrooms-00062403106086
Highline Organic Shiitake Mushrooms - 4 Ounce,$3.99,,$1.00/oz,"at West Des Moines, IA",https://ww2.freshthyme.com/sm/planning/rsid/951/product/highline-organic-shiitake-mushrooms-00771163000380
